3.440000000000000522e-06,5.280000000000000249e-01
3.444000000000000399e-06,5.280000000000000249e-01
3.448000000000000276e-06,5.280000000000000249e-01
3.452000000000000153e-06,5.200000000000000178e-01
3.456000000000000030e-06,5.360000000000000320e-01
3.459999999999999907e-06,5.280000000000000249e-01
3.463999999999999784e-06,5.280000000000000249e-01
3.467999999999999661e-06,5.280000000000000249e-01
3.471999999999999538e-06,5.360000000000000320e-01
3.475999999999999415e-06,5.280000000000000249e-01
3.479999999999999292e-06,5.280000000000000249e-01
3.483999999999999169e-06,5.360000000000000320e-01
3.487999999999999046e-06,5.360000000000000320e-01
3.491999999999998923e-06,5.280000000000000249e-01
3.495999999999998800e-06,5.360000000000000320e-01
3.499999999999998677e-06,5.360000000000000320e-01
3.503999999999998554e-06,5.360000000000000320e-01
3.507999999999998431e-06,5.360000000000000320e-01
3.511999999999998308e-06,5.360000000000000320e-01
3.515999999999998185e-06,5.360000000000000320e-01
3.519999999999998062e-06,5.360000000000000320e-01
3.523999999999997939e-06,5.360000000000000320e-01
3.527999999999997816e-06,5.440000000000000391e-01
3.531999999999997693e-06,5.360000000000000320e-01
3.535999999999997570e-06,5.360000000000000320e-01
3.539999999999997447e-06,5.440000000000000391e-01
3.543999999999997324e-06,5.440000000000000391e-01
3.547999999999997201e-06,5.360000000000000320e-01
3.551999999999997078e-06,5.440000000000000391e-01
3.555999999999996955e-06,5.440000000000000391e-01
3.559999999999996832e-06,5.440000000000000391e-01
3.563999999999996709e-06,5.440000000000000391e-01
3.567999999999996586e-06,5.520000000000000462e-01
3.571999999999996463e-06,5.600000000000000533e-01
3.575999999999996340e-06,5.440000000000000391e-01
3.579999999999996217e-06,5.520000000000000462e-01
3.583999999999996094e-06,5.520000000000000462e-01
3.587999999999995971e-06,5.520000000000000462e-01
3.591999999999995848e-06,5.520000000000000462e-01
3.595999999999995725e-06,5.520000000000000462e-01
3.599999999999995602e-06,5.520000000000000462e-01
3.603999999999995479e-06,5.520000000000000462e-01
3.607999999999995356e-06,5.520000000000000462e-01
3.611999999999995233e-06,5.520000000000000462e-01
3.615999999999995110e-06,5.520000000000000462e-01
3.619999999999994987e-06,5.440000000000000391e-01
3.623999999999994864e-06,5.440000000000000391e-01
3.627999999999994741e-06,5.440000000000000391e-01
3.631999999999994618e-06,5.520000000000000462e-01
3.635999999999994495e-06,5.520000000000000462e-01
3.639999999999994372e-06,5.440000000000000391e-01
3.643999999999994249e-06,5.520000000000000462e-01
3.647999999999994126e-06,5.520000000000000462e-01
3.651999999999994003e-06,5.600000000000000533e-01
3.655999999999993880e-06,5.520000000000000462e-01
3.659999999999993757e-06,5.440000000000000391e-01
3.663999999999993634e-06,5.520000000000000462e-01
3.667999999999993511e-06,5.600000000000000533e-01
3.671999999999993388e-06,5.520000000000000462e-01
3.675999999999993265e-06,5.520000000000000462e-01
3.679999999999993142e-06,5.520000000000000462e-01
3.683999999999993019e-06,5.600000000000000533e-01
3.687999999999992896e-06,5.600000000000000533e-01
3.691999999999992773e-06,5.600000000000000533e-01
3.695999999999992650e-06,5.520000000000000462e-01
3.699999999999992527e-06,5.520000000000000462e-01
3.703999999999992404e-06,5.520000000000000462e-01
3.707999999999992281e-06,5.520000000000000462e-01
3.711999999999992158e-06,5.600000000000000533e-01
3.715999999999992035e-06,5.600000000000000533e-01
3.719999999999991912e-06,5.520000000000000462e-01
3.723999999999991789e-06,5.520000000000000462e-01
3.727999999999991666e-06,5.520000000000000462e-01
3.731999999999991543e-06,5.520000000000000462e-01
3.735999999999991420e-06,5.440000000000000391e-01
3.739999999999991297e-06,5.600000000000000533e-01
3.743999999999991174e-06,5.520000000000000462e-01
3.747999999999991051e-06,5.600000000000000533e-01
3.751999999999990928e-06,5.520000000000000462e-01
3.755999999999990805e-06,5.440000000000000391e-01
3.759999999999990682e-06,5.440000000000000391e-01
3.763999999999990559e-06,5.440000000000000391e-01
3.767999999999990436e-06,5.520000000000000462e-01
3.771999999999990313e-06,5.360000000000000320e-01
3.775999999999990190e-06,5.440000000000000391e-01
3.779999999999990067e-06,5.440000000000000391e-01
3.783999999999989944e-06,5.520000000000000462e-01
3.787999999999989821e-06,5.440000000000000391e-01
3.791999999999989698e-06,5.360000000000000320e-01
3.795999999999989575e-06,5.520000000000000462e-01
3.799999999999989452e-06,5.440000000000000391e-01
3.803999999999989329e-06,5.360000000000000320e-01
3.807999999999989206e-06,5.360000000000000320e-01
3.811999999999989083e-06,5.440000000000000391e-01
3.815999999999988536e-06,5.360000000000000320e-01
3.819999999999988837e-06,5.440000000000000391e-01
3.823999999999989137e-06,5.440000000000000391e-01
3.827999999999988591e-06,5.360000000000000320e-01
3.831999999999988044e-06,5.360000000000000320e-01
3.835999999999988345e-06,5.440000000000000391e-01
3.839999999999988645e-06,5.360000000000000320e-01
3.843999999999988099e-06,5.360000000000000320e-01
3.847999999999987552e-06,5.360000000000000320e-01
3.851999999999987853e-06,5.360000000000000320e-01
3.855999999999988153e-06,5.360000000000000320e-01
3.859999999999987607e-06,5.360000000000000320e-01
3.863999999999987060e-06,5.280000000000000249e-01
3.867999999999987361e-06,5.200000000000000178e-01
3.871999999999987661e-06,5.280000000000000249e-01
3.875999999999987115e-06,5.280000000000000249e-01
3.879999999999986568e-06,5.280000000000000249e-01
3.883999999999986869e-06,5.280000000000000249e-01
3.887999999999987169e-06,5.280000000000000249e-01
3.891999999999986623e-06,5.280000000000000249e-01
3.895999999999986076e-06,5.280000000000000249e-01
3.899999999999986377e-06,5.280000000000000249e-01
3.903999999999986677e-06,5.200000000000000178e-01
3.907999999999986131e-06,5.200000000000000178e-01
3.911999999999985584e-06,5.200000000000000178e-01
3.915999999999985885e-06,5.280000000000000249e-01
3.919999999999986185e-06,5.200000000000000178e-01
3.923999999999985639e-06,5.120000000000000107e-01
3.927999999999985092e-06,5.200000000000000178e-01
3.931999999999985393e-06,5.280000000000000249e-01
3.935999999999985693e-06,5.200000000000000178e-01
3.939999999999985147e-06,5.200000000000000178e-01
3.943999999999984600e-06,5.280000000000000249e-01
3.947999999999984901e-06,5.200000000000000178e-01
3.951999999999985201e-06,5.200000000000000178e-01
3.955999999999984655e-06,5.200000000000000178e-01
3.959999999999984108e-06,5.200000000000000178e-01
3.963999999999984409e-06,5.280000000000000249e-01
3.967999999999984709e-06,5.200000000000000178e-01
3.971999999999984163e-06,5.120000000000000107e-01
3.975999999999983616e-06,5.200000000000000178e-01
3.979999999999983917e-06,5.200000000000000178e-01
3.983999999999984217e-06,5.200000000000000178e-01
3.987999999999983671e-06,5.120000000000000107e-01
3.991999999999983124e-06,5.120000000000000107e-01
3.995999999999983425e-06,5.120000000000000107e-01
3.999999999999983725e-06,5.120000000000000107e-01
4.003999999999983179e-06,5.120000000000000107e-01
4.007999999999982632e-06,5.120000000000000107e-01
4.011999999999982933e-06,5.040000000000000036e-01
4.015999999999983233e-06,5.200000000000000178e-01
4.019999999999982687e-06,5.120000000000000107e-01
4.023999999999982140e-06,5.120000000000000107e-01
4.027999999999982441e-06,5.200000000000000178e-01
4.031999999999982741e-06,5.120000000000000107e-01
4.035999999999982195e-06,5.120000000000000107e-01
4.039999999999981648e-06,5.200000000000000178e-01
4.043999999999981949e-06,5.120000000000000107e-01
4.047999999999982249e-06,5.120000000000000107e-01
4.051999999999981703e-06,5.120000000000000107e-01
4.055999999999981156e-06,5.040000000000000036e-01
4.059999999999981457e-06,5.120000000000000107e-01
4.063999999999981757e-06,5.200000000000000178e-01
4.067999999999981211e-06,5.120000000000000107e-01
4.071999999999980664e-06,5.120000000000000107e-01
4.075999999999980965e-06,5.120000000000000107e-01
4.079999999999981265e-06,5.120000000000000107e-01
4.083999999999980719e-06,5.120000000000000107e-01
4.087999999999980172e-06,5.120000000000000107e-01
4.091999999999980473e-06,5.120000000000000107e-01
4.095999999999980773e-06,5.200000000000000178e-01
4.099999999999980227e-06,5.120000000000000107e-01
4.103999999999979680e-06,5.200000000000000178e-01
4.107999999999979981e-06,5.200000000000000178e-01
4.111999999999980281e-06,5.200000000000000178e-01
4.115999999999979735e-06,5.200000000000000178e-01
4.119999999999979188e-06,5.200000000000000178e-01
4.123999999999979489e-06,5.200000000000000178e-01
4.127999999999979789e-06,5.200000000000000178e-01
4.131999999999979243e-06,5.200000000000000178e-01
4.135999999999978696e-06,5.200000000000000178e-01
4.139999999999978997e-06,5.200000000000000178e-01
4.143999999999979297e-06,5.280000000000000249e-01
4.147999999999978751e-06,5.200000000000000178e-01
4.151999999999978204e-06,5.280000000000000249e-01
4.155999999999978505e-06,5.280000000000000249e-01
4.159999999999978805e-06,5.280000000000000249e-01
4.163999999999978259e-06,5.200000000000000178e-01
4.167999999999977712e-06,5.200000000000000178e-01
4.171999999999978013e-06,5.200000000000000178e-01
4.175999999999978313e-06,5.200000000000000178e-01
4.179999999999977767e-06,5.280000000000000249e-01
4.183999999999977220e-06,5.280000000000000249e-01
4.187999999999977521e-06,5.360000000000000320e-01
4.191999999999977821e-06,5.280000000000000249e-01
4.195999999999977275e-06,5.280000000000000249e-01
4.199999999999976728e-06,5.280000000000000249e-01
4.203999999999977029e-06,5.360000000000000320e-01
4.207999999999977329e-06,5.280000000000000249e-01
4.211999999999976783e-06,5.360000000000000320e-01
4.215999999999976236e-06,5.280000000000000249e-01
4.219999999999976537e-06,5.360000000000000320e-01
4.223999999999976837e-06,5.360000000000000320e-01
4.227999999999976291e-06,5.280000000000000249e-01
4.231999999999975744e-06,5.360000000000000320e-01
4.235999999999976045e-06,5.360000000000000320e-01
4.239999999999976345e-06,5.360000000000000320e-01
4.243999999999975799e-06,5.360000000000000320e-01
4.247999999999975252e-06,5.360000000000000320e-01
4.251999999999975553e-06,5.440000000000000391e-01
4.255999999999975853e-06,5.440000000000000391e-01
4.259999999999975307e-06,5.360000000000000320e-01
4.263999999999974760e-06,5.360000000000000320e-01
4.267999999999975061e-06,5.360000000000000320e-01
4.271999999999975361e-06,5.360000000000000320e-01
4.275999999999974815e-06,5.360000000000000320e-01
4.279999999999974268e-06,5.360000000000000320e-01
4.283999999999974569e-06,5.360000000000000320e-01
4.287999999999974869e-06,5.360000000000000320e-01
4.291999999999974323e-06,5.360000000000000320e-01
4.295999999999973776e-06,5.360000000000000320e-01
4.299999999999974077e-06,5.360000000000000320e-01
4.303999999999974377e-06,5.440000000000000391e-01
4.307999999999973831e-06,5.360000000000000320e-01
4.311999999999973284e-06,5.360000000000000320e-01
4.315999999999973585e-06,5.440000000000000391e-01
4.319999999999973885e-06,5.440000000000000391e-01
4.323999999999973339e-06,5.440000000000000391e-01
4.327999999999972792e-06,5.360000000000000320e-01
4.331999999999973093e-06,5.440000000000000391e-01
4.335999999999973393e-06,5.520000000000000462e-01
4.339999999999972847e-06,5.440000000000000391e-01
4.343999999999972300e-06,5.440000000000000391e-01
4.347999999999972601e-06,5.440000000000000391e-01
4.351999999999972901e-06,5.440000000000000391e-01
4.355999999999972355e-06,5.520000000000000462e-01
4.359999999999971808e-06,5.520000000000000462e-01
4.363999999999972109e-06,5.440000000000000391e-01
4.367999999999972409e-06,5.440000000000000391e-01
4.371999999999971863e-06,5.520000000000000462e-01
4.375999999999971316e-06,5.440000000000000391e-01
4.379999999999971617e-06,5.520000000000000462e-01
4.383999999999971917e-06,5.360000000000000320e-01
4.387999999999971371e-06,5.440000000000000391e-01
4.391999999999970824e-06,5.440000000000000391e-01
4.395999999999971125e-06,5.440000000000000391e-01
4.399999999999971425e-06,5.440000000000000391e-01
4.403999999999970879e-06,5.520000000000000462e-01
4.407999999999970332e-06,5.440000000000000391e-01
4.411999999999970633e-06,5.520000000000000462e-01
4.415999999999970933e-06,5.440000000000000391e-01
4.419999999999970387e-06,5.440000000000000391e-01
4.423999999999969840e-06,5.440000000000000391e-01
4.427999999999970141e-06,5.360000000000000320e-01
4.431999999999970441e-06,5.360000000000000320e-01
4.435999999999969895e-06,5.440000000000000391e-01
4.439999999999969348e-06,5.520000000000000462e-01
4.443999999999969649e-06,5.520000000000000462e-01
4.447999999999969949e-06,5.440000000000000391e-01
4.451999999999969403e-06,5.440000000000000391e-01
4.455999999999968856e-06,5.440000000000000391e-01
4.459999999999969157e-06,5.440000000000000391e-01
4.463999999999969457e-06,5.440000000000000391e-01
4.467999999999968911e-06,5.520000000000000462e-01
4.471999999999968364e-06,5.360000000000000320e-01
4.475999999999968665e-06,5.440000000000000391e-01
4.479999999999968965e-06,5.440000000000000391e-01
4.483999999999968419e-06,5.360000000000000320e-01
4.487999999999967872e-06,5.440000000000000391e-01
4.491999999999968173e-06,5.360000000000000320e-01
4.495999999999968473e-06,5.440000000000000391e-01
4.499999999999967927e-06,5.360000000000000320e-01
4.503999999999967380e-06,5.360000000000000320e-01
4.507999999999967681e-06,5.440000000000000391e-01
4.511999999999967981e-06,5.360000000000000320e-01
4.515999999999967435e-06,5.360000000000000320e-01
4.519999999999966888e-06,5.360000000000000320e-01
4.523999999999967189e-06,5.360000000000000320e-01
4.527999999999967489e-06,5.280000000000000249e-01
4.531999999999966943e-06,5.280000000000000249e-01
4.535999999999966396e-06,5.280000000000000249e-01
4.539999999999966697e-06,5.360000000000000320e-01
4.543999999999966997e-06,5.280000000000000249e-01
4.547999999999966451e-06,5.280000000000000249e-01
4.551999999999965904e-06,5.280000000000000249e-01
4.555999999999966205e-06,5.280000000000000249e-01
4.559999999999966505e-06,5.280000000000000249e-01
4.563999999999965959e-06,5.200000000000000178e-01
4.567999999999965412e-06,5.280000000000000249e-01
4.571999999999965713e-06,5.280000000000000249e-01
4.575999999999966013e-06,5.200000000000000178e-01
4.579999999999965467e-06,5.360000000000000320e-01
4.583999999999964920e-06,5.360000000000000320e-01
4.587999999999965221e-06,5.360000000000000320e-01
4.591999999999965521e-06,5.280000000000000249e-01
4.595999999999964975e-06,5.280000000000000249e-01
4.599999999999964428e-06,5.280000000000000249e-01
4.603999999999964729e-06,5.280000000000000249e-01
4.607999999999965029e-06,5.280000000000000249e-01
4.611999999999964483e-06,5.280000000000000249e-01
4.615999999999963936e-06,5.280000000000000249e-01
4.619999999999964237e-06,5.280000000000000249e-01
4.623999999999964537e-06,5.200000000000000178e-01
4.627999999999963991e-06,5.360000000000000320e-01
4.631999999999963444e-06,5.200000000000000178e-01
4.635999999999963745e-06,5.280000000000000249e-01
4.639999999999964045e-06,5.200000000000000178e-01
4.643999999999963499e-06,5.200000000000000178e-01
4.647999999999962952e-06,5.280000000000000249e-01
4.651999999999963253e-06,5.280000000000000249e-01
4.655999999999963553e-06,5.200000000000000178e-01
4.659999999999963007e-06,5.200000000000000178e-01
4.663999999999962460e-06,5.120000000000000107e-01
4.667999999999962761e-06,5.120000000000000107e-01
4.671999999999963061e-06,5.200000000000000178e-01
4.675999999999962515e-06,5.280000000000000249e-01
4.679999999999961968e-06,5.200000000000000178e-01
4.683999999999962269e-06,5.200000000000000178e-01
4.687999999999962569e-06,5.200000000000000178e-01
4.691999999999962023e-06,5.200000000000000178e-01
4.695999999999961476e-06,5.200000000000000178e-01
4.699999999999961777e-06,5.120000000000000107e-01
4.703999999999962077e-06,5.200000000000000178e-01
4.707999999999961531e-06,5.280000000000000249e-01
4.711999999999960984e-06,5.200000000000000178e-01
4.715999999999961285e-06,5.120000000000000107e-01
4.719999999999961585e-06,5.200000000000000178e-01
4.723999999999961039e-06,5.280000000000000249e-01
4.727999999999960492e-06,5.120000000000000107e-01
4.731999999999960793e-06,5.200000000000000178e-01
4.735999999999961093e-06,5.120000000000000107e-01
4.739999999999960547e-06,5.200000000000000178e-01
4.743999999999960000e-06,5.120000000000000107e-01
4.747999999999960301e-06,5.120000000000000107e-01
4.751999999999960601e-06,5.120000000000000107e-01
4.755999999999960055e-06,5.120000000000000107e-01
4.759999999999959508e-06,5.120000000000000107e-01
4.763999999999959809e-06,5.200000000000000178e-01
4.767999999999960109e-06,5.120000000000000107e-01
4.771999999999959563e-06,5.200000000000000178e-01
4.775999999999959016e-06,5.200000000000000178e-01
4.779999999999959317e-06,5.120000000000000107e-01
4.783999999999959617e-06,5.200000000000000178e-01
4.787999999999959071e-06,5.120000000000000107e-01
4.791999999999958524e-06,5.200000000000000178e-01
4.795999999999958825e-06,5.200000000000000178e-01
4.799999999999959125e-06,5.200000000000000178e-01
4.803999999999958579e-06,5.200000000000000178e-01
4.807999999999958032e-06,5.280000000000000249e-01
4.811999999999958333e-06,5.280000000000000249e-01
4.815999999999958633e-06,5.200000000000000178e-01
4.819999999999958087e-06,5.280000000000000249e-01
4.823999999999957540e-06,5.280000000000000249e-01
4.827999999999957841e-06,5.120000000000000107e-01
4.831999999999958141e-06,5.280000000000000249e-01
4.835999999999957595e-06,5.200000000000000178e-01
4.839999999999957048e-06,5.280000000000000249e-01
4.843999999999957349e-06,5.200000000000000178e-01
4.847999999999957649e-06,5.200000000000000178e-01
4.851999999999957103e-06,5.360000000000000320e-01
4.855999999999956556e-06,5.200000000000000178e-01
4.859999999999956857e-06,5.200000000000000178e-01
4.863999999999957157e-06,5.360000000000000320e-01
4.867999999999956611e-06,5.280000000000000249e-01
4.871999999999956064e-06,5.200000000000000178e-01
4.875999999999956365e-06,5.280000000000000249e-01
4.879999999999956665e-06,5.280000000000000249e-01
4.883999999999956119e-06,5.200000000000000178e-01
4.887999999999955572e-06,5.280000000000000249e-01
4.891999999999955873e-06,5.200000000000000178e-01
4.895999999999956173e-06,5.200000000000000178e-01
4.899999999999955627e-06,5.200000000000000178e-01
4.903999999999955080e-06,5.280000000000000249e-01
4.907999999999955381e-06,5.280000000000000249e-01
4.911999999999955681e-06,5.280000000000000249e-01
4.915999999999955135e-06,5.360000000000000320e-01
4.919999999999954588e-06,5.280000000000000249e-01
4.923999999999954889e-06,5.200000000000000178e-01
4.927999999999955189e-06,5.200000000000000178e-01
4.931999999999954643e-06,5.360000000000000320e-01
4.935999999999954096e-06,5.280000000000000249e-01
4.939999999999954397e-06,5.280000000000000249e-01
4.943999999999954697e-06,5.280000000000000249e-01
4.947999999999954151e-06,5.360000000000000320e-01
4.951999999999953604e-06,5.280000000000000249e-01
4.955999999999953905e-06,5.280000000000000249e-01
4.959999999999954205e-06,5.360000000000000320e-01
4.963999999999953659e-06,5.280000000000000249e-01
4.967999999999953112e-06,5.280000000000000249e-01
4.971999999999953413e-06,5.360000000000000320e-01
4.975999999999953713e-06,5.360000000000000320e-01
4.979999999999953167e-06,5.360000000000000320e-01
4.983999999999952620e-06,5.360000000000000320e-01
4.987999999999952921e-06,5.440000000000000391e-01
4.991999999999953221e-06,5.280000000000000249e-01
4.995999999999952675e-06,5.200000000000000178e-01
4.999999999999952128e-06,5.280000000000000249e-01
5.003999999999952429e-06,5.280000000000000249e-01
5.007999999999952729e-06,5.360000000000000320e-01
5.011999999999952183e-06,5.360000000000000320e-01
5.015999999999951636e-06,5.360000000000000320e-01
5.019999999999951937e-06,5.280000000000000249e-01
5.023999999999952237e-06,5.440000000000000391e-01
5.027999999999951691e-06,5.280000000000000249e-01
5.031999999999951144e-06,5.280000000000000249e-01
5.035999999999951445e-06,5.280000000000000249e-01
5.039999999999951745e-06,5.360000000000000320e-01
5.043999999999951199e-06,5.280000000000000249e-01
5.047999999999950652e-06,5.440000000000000391e-01
5.051999999999950953e-06,5.360000000000000320e-01
5.055999999999951253e-06,5.360000000000000320e-01
5.059999999999950707e-06,5.360000000000000320e-01
5.063999999999950160e-06,5.440000000000000391e-01
5.067999999999950461e-06,5.440000000000000391e-01
5.071999999999950761e-06,5.440000000000000391e-01
5.075999999999950215e-06,5.360000000000000320e-01
5.079999999999949668e-06,5.440000000000000391e-01
5.083999999999949969e-06,5.440000000000000391e-01
5.087999999999950269e-06,5.440000000000000391e-01
5.091999999999949723e-06,5.440000000000000391e-01
5.095999999999949176e-06,5.280000000000000249e-01
5.099999999999949477e-06,5.440000000000000391e-01
5.103999999999949777e-06,5.440000000000000391e-01
5.107999999999949231e-06,5.360000000000000320e-01
5.111999999999948684e-06,5.360000000000000320e-01
5.115999999999948985e-06,5.280000000000000249e-01
5.119999999999949285e-06,5.360000000000000320e-01
5.123999999999948739e-06,5.360000000000000320e-01
5.127999999999948192e-06,5.360000000000000320e-01
5.131999999999948493e-06,5.440000000000000391e-01
5.135999999999948793e-06,5.440000000000000391e-01
5.139999999999948247e-06,5.360000000000000320e-01
5.143999999999947700e-06,5.360000000000000320e-01
5.147999999999948001e-06,5.440000000000000391e-01
5.151999999999948301e-06,5.360000000000000320e-01
5.155999999999947755e-06,5.440000000000000391e-01
5.159999999999947208e-06,5.440000000000000391e-01
5.163999999999947509e-06,5.440000000000000391e-01
5.167999999999947809e-06,5.440000000000000391e-01
5.171999999999947263e-06,5.280000000000000249e-01
5.175999999999946716e-06,5.360000000000000320e-01
5.179999999999947017e-06,5.360000000000000320e-01
5.183999999999947317e-06,5.440000000000000391e-01
5.187999999999946771e-06,5.360000000000000320e-01
5.191999999999946224e-06,5.440000000000000391e-01
5.195999999999946525e-06,5.360000000000000320e-01
5.199999999999946825e-06,5.360000000000000320e-01
5.203999999999946279e-06,5.440000000000000391e-01
5.207999999999945732e-06,5.360000000000000320e-01
5.211999999999946033e-06,5.360000000000000320e-01
5.215999999999946333e-06,5.360000000000000320e-01
5.219999999999945787e-06,5.360000000000000320e-01
5.223999999999945240e-06,5.280000000000000249e-01
5.227999999999945541e-06,5.360000000000000320e-01
5.231999999999945841e-06,5.280000000000000249e-01
5.235999999999945295e-06,5.280000000000000249e-01
5.239999999999944748e-06,5.360000000000000320e-01
5.243999999999945049e-06,5.360000000000000320e-01
5.247999999999945349e-06,5.360000000000000320e-01
5.251999999999944803e-06,5.440000000000000391e-01
5.255999999999944256e-06,5.280000000000000249e-01
5.259999999999944557e-06,5.360000000000000320e-01
5.263999999999944857e-06,5.280000000000000249e-01
5.267999999999944311e-06,5.360000000000000320e-01
5.271999999999943764e-06,5.360000000000000320e-01
5.275999999999944065e-06,5.360000000000000320e-01
5.279999999999944365e-06,5.280000000000000249e-01
5.283999999999943819e-06,5.360000000000000320e-01
5.287999999999943272e-06,5.360000000000000320e-01
5.291999999999943573e-06,5.360000000000000320e-01
5.295999999999943873e-06,5.280000000000000249e-01
5.299999999999943327e-06,5.360000000000000320e-01
5.303999999999942780e-06,5.280000000000000249e-01
5.307999999999943081e-06,5.280000000000000249e-01
5.311999999999943381e-06,5.280000000000000249e-01
5.315999999999942835e-06,5.280000000000000249e-01
5.319999999999942288e-06,5.280000000000000249e-01
5.323999999999942589e-06,5.280000000000000249e-01
5.327999999999942889e-06,5.200000000000000178e-01
5.331999999999942343e-06,5.280000000000000249e-01
5.335999999999941796e-06,5.200000000000000178e-01
5.339999999999942097e-06,5.200000000000000178e-01
5.343999999999942397e-06,5.280000000000000249e-01
5.347999999999941851e-06,5.280000000000000249e-01
5.351999999999941304e-06,5.280000000000000249e-01
5.355999999999941605e-06,5.200000000000000178e-01
5.359999999999941905e-06,5.200000000000000178e-01
5.363999999999941359e-06,5.200000000000000178e-01
5.367999999999940812e-06,5.200000000000000178e-01
5.371999999999941113e-06,5.280000000000000249e-01
5.375999999999941413e-06,5.200000000000000178e-01
5.379999999999940867e-06,5.200000000000000178e-01
5.383999999999940320e-06,5.280000000000000249e-01
5.387999999999940621e-06,5.200000000000000178e-01
5.391999999999940921e-06,5.200000000000000178e-01
5.395999999999940375e-06,5.280000000000000249e-01
5.399999999999939828e-06,5.200000000000000178e-01
5.403999999999940129e-06,5.200000000000000178e-01
5.407999999999940429e-06,5.200000000000000178e-01
5.411999999999939883e-06,5.200000000000000178e-01
5.415999999999939336e-06,5.280000000000000249e-01
5.419999999999939637e-06,5.280000000000000249e-01
5.423999999999939937e-06,5.200000000000000178e-01
5.427999999999939391e-06,5.120000000000000107e-01
5.431999999999938844e-06,5.120000000000000107e-01
5.435999999999939145e-06,5.200000000000000178e-01
5.439999999999939445e-06,5.200000000000000178e-01
5.443999999999938899e-06,5.200000000000000178e-01
5.447999999999938352e-06,5.200000000000000178e-01
5.451999999999938653e-06,5.200000000000000178e-01
5.455999999999938953e-06,5.200000000000000178e-01
5.459999999999938407e-06,5.200000000000000178e-01
5.463999999999937860e-06,5.200000000000000178e-01
5.467999999999938161e-06,5.280000000000000249e-01
5.471999999999938461e-06,5.280000000000000249e-01
5.475999999999937915e-06,5.280000000000000249e-01
5.479999999999937368e-06,5.280000000000000249e-01
5.483999999999937669e-06,5.280000000000000249e-01
5.487999999999937969e-06,5.200000000000000178e-01
5.491999999999937423e-06,5.200000000000000178e-01
5.495999999999936876e-06,5.200000000000000178e-01
5.499999999999937177e-06,5.280000000000000249e-01
5.503999999999937477e-06,5.120000000000000107e-01
5.507999999999936931e-06,5.200000000000000178e-01
5.511999999999936384e-06,5.200000000000000178e-01
5.515999999999936685e-06,5.200000000000000178e-01
5.519999999999936985e-06,5.280000000000000249e-01
5.523999999999936439e-06,5.280000000000000249e-01
5.527999999999935892e-06,5.280000000000000249e-01
5.531999999999936193e-06,5.200000000000000178e-01
5.535999999999936493e-06,5.280000000000000249e-01
5.539999999999935947e-06,5.280000000000000249e-01
5.543999999999935400e-06,5.200000000000000178e-01
5.547999999999935701e-06,5.200000000000000178e-01
5.551999999999936001e-06,5.200000000000000178e-01
5.555999999999935455e-06,5.200000000000000178e-01
5.559999999999934908e-06,5.280000000000000249e-01
5.563999999999935209e-06,5.200000000000000178e-01
5.567999999999935509e-06,5.200000000000000178e-01
5.571999999999934963e-06,5.200000000000000178e-01
5.575999999999934416e-06,5.120000000000000107e-01
5.579999999999934717e-06,5.200000000000000178e-01
5.583999999999935017e-06,5.280000000000000249e-01
5.587999999999934471e-06,5.280000000000000249e-01
5.591999999999933924e-06,5.280000000000000249e-01
5.595999999999934225e-06,5.280000000000000249e-01
5.599999999999934525e-06,5.280000000000000249e-01
5.603999999999933979e-06,5.280000000000000249e-01
5.607999999999933432e-06,5.280000000000000249e-01
5.611999999999933733e-06,5.280000000000000249e-01
5.615999999999934033e-06,5.280000000000000249e-01
5.619999999999933487e-06,5.200000000000000178e-01
5.623999999999932940e-06,5.280000000000000249e-01
5.627999999999933241e-06,5.280000000000000249e-01
5.631999999999933541e-06,5.360000000000000320e-01
5.635999999999932995e-06,5.280000000000000249e-01
5.639999999999932448e-06,5.200000000000000178e-01
5.643999999999932749e-06,5.200000000000000178e-01
5.647999999999933049e-06,5.360000000000000320e-01
5.651999999999932503e-06,5.280000000000000249e-01
5.655999999999931956e-06,5.280000000000000249e-01
5.659999999999932257e-06,5.200000000000000178e-01
5.663999999999932557e-06,5.360000000000000320e-01
5.667999999999932011e-06,5.280000000000000249e-01
5.671999999999931464e-06,5.280000000000000249e-01
5.675999999999931765e-06,5.280000000000000249e-01
5.679999999999932065e-06,5.280000000000000249e-01
5.683999999999931519e-06,5.200000000000000178e-01
5.687999999999930972e-06,5.280000000000000249e-01
5.691999999999931273e-06,5.360000000000000320e-01
5.695999999999931573e-06,5.280000000000000249e-01
5.699999999999931027e-06,5.360000000000000320e-01
5.703999999999930480e-06,5.280000000000000249e-01
5.707999999999930781e-06,5.440000000000000391e-01
5.711999999999931081e-06,5.360000000000000320e-01
5.715999999999930535e-06,5.280000000000000249e-01
5.719999999999929988e-06,5.440000000000000391e-01
5.723999999999930289e-06,5.360000000000000320e-01
5.727999999999930589e-06,5.360000000000000320e-01
5.731999999999930043e-06,5.360000000000000320e-01
5.735999999999929496e-06,5.360000000000000320e-01
5.739999999999929797e-06,5.360000000000000320e-01
5.743999999999930097e-06,5.360000000000000320e-01
5.747999999999929551e-06,5.360000000000000320e-01
5.751999999999929004e-06,5.360000000000000320e-01
5.755999999999929305e-06,5.280000000000000249e-01
5.759999999999929605e-06,5.280000000000000249e-01
5.763999999999929059e-06,5.440000000000000391e-01
5.767999999999928512e-06,5.360000000000000320e-01
5.771999999999928813e-06,5.360000000000000320e-01
5.775999999999929113e-06,5.280000000000000249e-01
5.779999999999928567e-06,5.440000000000000391e-01
5.783999999999928020e-06,5.360000000000000320e-01
5.787999999999928320e-06,5.280000000000000249e-01
5.791999999999928621e-06,5.360000000000000320e-01
5.795999999999928074e-06,5.360000000000000320e-01
5.799999999999927528e-06,5.360000000000000320e-01
5.803999999999927828e-06,5.360000000000000320e-01
5.807999999999928129e-06,5.280000000000000249e-01
5.811999999999927582e-06,5.280000000000000249e-01
5.815999999999927036e-06,5.440000000000000391e-01
5.819999999999927336e-06,5.360000000000000320e-01
5.823999999999927637e-06,5.280000000000000249e-01
5.827999999999927090e-06,5.360000000000000320e-01
5.831999999999926544e-06,5.360000000000000320e-01
5.835999999999926844e-06,5.360000000000000320e-01
5.839999999999927145e-06,5.520000000000000462e-01
5.843999999999926598e-06,5.360000000000000320e-01
5.847999999999926052e-06,5.360000000000000320e-01
5.851999999999926352e-06,5.360000000000000320e-01
5.855999999999926653e-06,5.360000000000000320e-01
5.859999999999926106e-06,5.360000000000000320e-01
5.863999999999925560e-06,5.360000000000000320e-01
5.867999999999925860e-06,5.440000000000000391e-01
5.871999999999926161e-06,5.360000000000000320e-01
5.875999999999925614e-06,5.360000000000000320e-01
5.879999999999925068e-06,5.360000000000000320e-01
5.883999999999925368e-06,5.280000000000000249e-01
5.887999999999925669e-06,5.360000000000000320e-01
5.891999999999925122e-06,5.360000000000000320e-01
5.895999999999924576e-06,5.360000000000000320e-01
5.899999999999924876e-06,5.280000000000000249e-01
5.903999999999925177e-06,5.360000000000000320e-01
5.907999999999924630e-06,5.360000000000000320e-01
5.911999999999924084e-06,5.280000000000000249e-01
5.915999999999924384e-06,5.360000000000000320e-01
5.919999999999924685e-06,5.360000000000000320e-01
5.923999999999924138e-06,5.360000000000000320e-01
5.927999999999923592e-06,5.360000000000000320e-01
5.931999999999923892e-06,5.360000000000000320e-01
5.935999999999924193e-06,5.360000000000000320e-01
5.939999999999923646e-06,5.360000000000000320e-01
5.943999999999923100e-06,5.280000000000000249e-01
5.947999999999923400e-06,5.360000000000000320e-01
5.951999999999923701e-06,5.360000000000000320e-01
5.955999999999923154e-06,5.360000000000000320e-01
5.959999999999922608e-06,5.440000000000000391e-01
5.963999999999922908e-06,5.360000000000000320e-01
5.967999999999923209e-06,5.360000000000000320e-01
5.971999999999922662e-06,5.360000000000000320e-01
5.975999999999922116e-06,5.360000000000000320e-01
5.979999999999922416e-06,5.280000000000000249e-01
5.983999999999922717e-06,5.280000000000000249e-01
5.987999999999922170e-06,5.280000000000000249e-01
5.991999999999921624e-06,5.280000000000000249e-01
5.995999999999921924e-06,5.280000000000000249e-01
5.999999999999922225e-06,5.280000000000000249e-01
6.003999999999921678e-06,5.280000000000000249e-01
6.007999999999921132e-06,5.280000000000000249e-01
6.011999999999921432e-06,5.280000000000000249e-01
6.015999999999921733e-06,5.280000000000000249e-01
6.019999999999921186e-06,5.280000000000000249e-01
6.023999999999920640e-06,5.280000000000000249e-01
6.027999999999920940e-06,5.360000000000000320e-01
6.031999999999921241e-06,5.280000000000000249e-01
6.035999999999920694e-06,5.360000000000000320e-01
6.039999999999920148e-06,5.280000000000000249e-01
6.043999999999920448e-06,5.280000000000000249e-01
6.047999999999920749e-06,5.280000000000000249e-01
6.051999999999920202e-06,5.360000000000000320e-01
6.055999999999919656e-06,5.280000000000000249e-01
6.059999999999919956e-06,5.280000000000000249e-01
6.063999999999920257e-06,5.360000000000000320e-01
6.067999999999919710e-06,5.280000000000000249e-01
6.071999999999919164e-06,5.280000000000000249e-01
6.075999999999919464e-06,5.280000000000000249e-01
6.079999999999919765e-06,5.280000000000000249e-01
6.083999999999919218e-06,5.280000000000000249e-01
6.087999999999918672e-06,5.280000000000000249e-01
6.091999999999918972e-06,5.360000000000000320e-01
6.095999999999919273e-06,5.280000000000000249e-01
6.099999999999918726e-06,5.200000000000000178e-01
6.103999999999918180e-06,5.280000000000000249e-01
6.107999999999918480e-06,5.280000000000000249e-01
6.111999999999918781e-06,5.280000000000000249e-01
6.115999999999918234e-06,5.200000000000000178e-01
6.119999999999917688e-06,5.280000000000000249e-01
6.123999999999917988e-06,5.280000000000000249e-01
6.127999999999918289e-06,5.280000000000000249e-01
6.131999999999917742e-06,5.200000000000000178e-01
6.135999999999917196e-06,5.280000000000000249e-01
6.139999999999917496e-06,5.280000000000000249e-01
6.143999999999917797e-06,5.200000000000000178e-01
6.147999999999917250e-06,5.280000000000000249e-01
6.151999999999916704e-06,5.280000000000000249e-01
6.155999999999917004e-06,5.200000000000000178e-01
6.159999999999917305e-06,5.280000000000000249e-01
6.163999999999916758e-06,5.280000000000000249e-01
6.167999999999916212e-06,5.200000000000000178e-01
6.171999999999916512e-06,5.360000000000000320e-01
6.175999999999916813e-06,5.200000000000000178e-01
6.179999999999916266e-06,5.200000000000000178e-01
6.183999999999915720e-06,5.200000000000000178e-01
6.187999999999916020e-06,5.200000000000000178e-01
6.191999999999916321e-06,5.280000000000000249e-01
6.195999999999915774e-06,5.280000000000000249e-01
6.199999999999915228e-06,5.280000000000000249e-01
6.203999999999915528e-06,5.200000000000000178e-01
6.207999999999915829e-06,5.200000000000000178e-01
6.211999999999915282e-06,5.280000000000000249e-01
6.215999999999914736e-06,5.280000000000000249e-01
6.219999999999915036e-06,5.200000000000000178e-01
6.223999999999915337e-06,5.360000000000000320e-01
6.227999999999914790e-06,5.280000000000000249e-01
6.231999999999914244e-06,5.280000000000000249e-01
6.235999999999914544e-06,5.360000000000000320e-01
6.239999999999914845e-06,5.280000000000000249e-01
6.243999999999914298e-06,5.200000000000000178e-01
6.247999999999913752e-06,5.200000000000000178e-01
6.251999999999914052e-06,5.200000000000000178e-01
6.255999999999914353e-06,5.360000000000000320e-01
6.259999999999913806e-06,5.280000000000000249e-01
6.263999999999913260e-06,5.280000000000000249e-01
6.267999999999913560e-06,5.360000000000000320e-01
6.271999999999913861e-06,5.280000000000000249e-01
6.275999999999913314e-06,5.360000000000000320e-01
6.279999999999912768e-06,5.280000000000000249e-01
6.283999999999913068e-06,5.200000000000000178e-01
6.287999999999913369e-06,5.200000000000000178e-01
6.291999999999912822e-06,5.200000000000000178e-01
6.295999999999912276e-06,5.200000000000000178e-01
6.299999999999912576e-06,5.280000000000000249e-01
6.303999999999912877e-06,5.200000000000000178e-01
6.307999999999912330e-06,5.280000000000000249e-01
6.311999999999911784e-06,5.200000000000000178e-01
6.315999999999912084e-06,5.280000000000000249e-01
6.319999999999912385e-06,5.200000000000000178e-01
6.323999999999911838e-06,5.200000000000000178e-01
6.327999999999911292e-06,5.200000000000000178e-01
6.331999999999911592e-06,5.280000000000000249e-01
6.335999999999911893e-06,5.280000000000000249e-01
6.339999999999911346e-06,5.280000000000000249e-01
6.343999999999910800e-06,5.360000000000000320e-01
6.347999999999911100e-06,5.200000000000000178e-01
6.351999999999911401e-06,5.360000000000000320e-01
6.355999999999910854e-06,5.360000000000000320e-01
6.359999999999910308e-06,5.280000000000000249e-01
6.363999999999910608e-06,5.280000000000000249e-01
6.367999999999910909e-06,5.360000000000000320e-01
6.371999999999910362e-06,5.360000000000000320e-01
6.375999999999909816e-06,5.360000000000000320e-01
6.379999999999910116e-06,5.280000000000000249e-01
6.383999999999910417e-06,5.360000000000000320e-01
6.387999999999909870e-06,5.360000000000000320e-01
6.391999999999909324e-06,5.280000000000000249e-01
6.395999999999909624e-06,5.360000000000000320e-01
6.399999999999909925e-06,5.360000000000000320e-01
6.403999999999909378e-06,5.360000000000000320e-01
6.407999999999908832e-06,5.280000000000000249e-01
6.411999999999909132e-06,5.280000000000000249e-01
6.415999999999909433e-06,5.360000000000000320e-01
6.419999999999908886e-06,5.280000000000000249e-01
6.423999999999908340e-06,5.360000000000000320e-01
6.427999999999908640e-06,5.280000000000000249e-01
6.431999999999908941e-06,5.280000000000000249e-01
6.435999999999908394e-06,5.280000000000000249e-01
6.439999999999907848e-06,5.360000000000000320e-01
6.443999999999908148e-06,5.360000000000000320e-01
6.447999999999908449e-06,5.360000000000000320e-01
6.451999999999907902e-06,5.280000000000000249e-01
6.455999999999907356e-06,5.360000000000000320e-01
6.459999999999907656e-06,5.360000000000000320e-01
6.463999999999907957e-06,5.360000000000000320e-01
6.467999999999907410e-06,5.360000000000000320e-01
6.471999999999906864e-06,5.280000000000000249e-01
6.475999999999907164e-06,5.280000000000000249e-01
6.479999999999907465e-06,5.360000000000000320e-01
6.483999999999906918e-06,5.360000000000000320e-01
6.487999999999906372e-06,5.440000000000000391e-01
6.491999999999906672e-06,5.360000000000000320e-01
6.495999999999906973e-06,5.360000000000000320e-01
6.499999999999906426e-06,5.440000000000000391e-01
6.503999999999905880e-06,5.360000000000000320e-01
6.507999999999906180e-06,5.440000000000000391e-01
6.511999999999906481e-06,5.360000000000000320e-01
6.515999999999905934e-06,5.360000000000000320e-01
6.519999999999905388e-06,5.360000000000000320e-01
6.523999999999905688e-06,5.360000000000000320e-01
6.527999999999905989e-06,5.360000000000000320e-01
6.531999999999905442e-06,5.360000000000000320e-01
6.535999999999904896e-06,5.360000000000000320e-01
6.539999999999905196e-06,5.280000000000000249e-01
6.543999999999905497e-06,5.280000000000000249e-01
6.547999999999904950e-06,5.360000000000000320e-01
6.551999999999904404e-06,5.280000000000000249e-01
6.555999999999904704e-06,5.360000000000000320e-01
6.559999999999905005e-06,5.280000000000000249e-01
6.563999999999904458e-06,5.360000000000000320e-01
6.567999999999903912e-06,5.360000000000000320e-01
6.571999999999904212e-06,5.280000000000000249e-01
6.575999999999904513e-06,5.280000000000000249e-01
6.579999999999903966e-06,5.280000000000000249e-01
6.583999999999903420e-06,5.360000000000000320e-01
6.587999999999903720e-06,5.360000000000000320e-01
6.591999999999904021e-06,5.360000000000000320e-01
6.595999999999903474e-06,5.440000000000000391e-01
6.599999999999902928e-06,5.280000000000000249e-01
6.603999999999903228e-06,5.360000000000000320e-01
6.607999999999903529e-06,5.360000000000000320e-01
6.611999999999902982e-06,5.440000000000000391e-01
6.615999999999902436e-06,5.360000000000000320e-01
6.619999999999902736e-06,5.360000000000000320e-01
6.623999999999903037e-06,5.440000000000000391e-01
6.627999999999902490e-06,5.360000000000000320e-01
6.631999999999901944e-06,5.360000000000000320e-01
6.635999999999902244e-06,5.360000000000000320e-01
6.639999999999902545e-06,5.440000000000000391e-01
6.643999999999901998e-06,5.280000000000000249e-01
6.647999999999901452e-06,5.360000000000000320e-01
6.651999999999901752e-06,5.280000000000000249e-01
6.655999999999902053e-06,5.360000000000000320e-01
6.659999999999901506e-06,5.360000000000000320e-01
6.663999999999900960e-06,5.280000000000000249e-01
6.667999999999901260e-06,5.360000000000000320e-01
6.671999999999901561e-06,5.360000000000000320e-01
6.675999999999901014e-06,5.360000000000000320e-01
6.679999999999900468e-06,5.280000000000000249e-01
6.683999999999900768e-06,5.280000000000000249e-01
6.687999999999901069e-06,5.280000000000000249e-01
6.691999999999900522e-06,5.280000000000000249e-01
6.695999999999899976e-06,5.360000000000000320e-01
6.699999999999900276e-06,5.280000000000000249e-01
6.703999999999900577e-06,5.360000000000000320e-01
6.707999999999900030e-06,5.360000000000000320e-01
6.711999999999899484e-06,5.280000000000000249e-01
6.715999999999899784e-06,5.280000000000000249e-01
6.719999999999900085e-06,5.360000000000000320e-01
6.723999999999899538e-06,5.360000000000000320e-01
6.727999999999898992e-06,5.280000000000000249e-01
6.731999999999899292e-06,5.360000000000000320e-01
6.735999999999899593e-06,5.280000000000000249e-01
6.739999999999899046e-06,5.280000000000000249e-01
6.743999999999898500e-06,5.280000000000000249e-01
6.747999999999898800e-06,5.440000000000000391e-01
6.751999999999899101e-06,5.280000000000000249e-01
6.755999999999898554e-06,5.280000000000000249e-01
6.759999999999898008e-06,5.280000000000000249e-01
6.763999999999898308e-06,5.200000000000000178e-01
6.767999999999898609e-06,5.280000000000000249e-01
6.771999999999898062e-06,5.280000000000000249e-01
6.775999999999897516e-06,5.280000000000000249e-01
6.779999999999897816e-06,5.280000000000000249e-01
6.783999999999898117e-06,5.360000000000000320e-01
6.787999999999897570e-06,5.280000000000000249e-01
6.791999999999897024e-06,5.200000000000000178e-01
6.795999999999897324e-06,5.200000000000000178e-01
6.799999999999897625e-06,5.280000000000000249e-01
6.803999999999897078e-06,5.200000000000000178e-01
6.807999999999896532e-06,5.200000000000000178e-01
6.811999999999896832e-06,5.280000000000000249e-01
6.815999999999897133e-06,5.280000000000000249e-01
6.819999999999896586e-06,5.280000000000000249e-01
6.823999999999896040e-06,5.280000000000000249e-01
6.827999999999896340e-06,5.280000000000000249e-01
6.831999999999896641e-06,5.280000000000000249e-01
6.835999999999896094e-06,5.280000000000000249e-01
6.839999999999895548e-06,5.280000000000000249e-01
6.843999999999895848e-06,5.280000000000000249e-01
6.847999999999896149e-06,5.280000000000000249e-01
6.851999999999895602e-06,5.280000000000000249e-01
6.855999999999895056e-06,5.280000000000000249e-01
6.859999999999895356e-06,5.280000000000000249e-01
6.863999999999895657e-06,5.280000000000000249e-01
6.867999999999895110e-06,5.200000000000000178e-01
6.871999999999894564e-06,5.280000000000000249e-01
6.875999999999894864e-06,5.280000000000000249e-01
6.879999999999895165e-06,5.280000000000000249e-01
6.883999999999894618e-06,5.280000000000000249e-01
6.887999999999894072e-06,5.280000000000000249e-01
6.891999999999894372e-06,5.200000000000000178e-01
6.895999999999894673e-06,5.360000000000000320e-01
6.899999999999894126e-06,5.280000000000000249e-01
6.903999999999893580e-06,5.200000000000000178e-01
6.907999999999893880e-06,5.200000000000000178e-01
6.911999999999894181e-06,5.280000000000000249e-01
6.915999999999893634e-06,5.360000000000000320e-01
6.919999999999893088e-06,5.280000000000000249e-01
6.923999999999893388e-06,5.280000000000000249e-01
6.927999999999893689e-06,5.280000000000000249e-01
6.931999999999893142e-06,5.280000000000000249e-01
6.935999999999892596e-06,5.200000000000000178e-01
6.939999999999892896e-06,5.280000000000000249e-01
6.943999999999893197e-06,5.280000000000000249e-01
6.947999999999892650e-06,5.280000000000000249e-01
6.951999999999892104e-06,5.280000000000000249e-01
6.955999999999892404e-06,5.280000000000000249e-01
6.959999999999892705e-06,5.280000000000000249e-01
6.963999999999892158e-06,5.280000000000000249e-01
6.967999999999891612e-06,5.280000000000000249e-01
6.971999999999891912e-06,5.280000000000000249e-01
6.975999999999892213e-06,5.200000000000000178e-01
6.979999999999891666e-06,5.200000000000000178e-01
6.983999999999891120e-06,5.280000000000000249e-01
6.987999999999891420e-06,5.280000000000000249e-01
6.991999999999891721e-06,5.280000000000000249e-01
6.995999999999891174e-06,5.280000000000000249e-01
6.999999999999890628e-06,5.280000000000000249e-01
7.003999999999890928e-06,5.360000000000000320e-01
7.007999999999891229e-06,5.200000000000000178e-01
7.011999999999890682e-06,5.280000000000000249e-01
7.015999999999890136e-06,5.280000000000000249e-01
7.019999999999890436e-06,5.360000000000000320e-01
7.023999999999890737e-06,5.360000000000000320e-01
7.027999999999890190e-06,5.360000000000000320e-01
7.031999999999889644e-06,5.280000000000000249e-01
7.035999999999889944e-06,5.200000000000000178e-01
7.039999999999890245e-06,5.360000000000000320e-01
7.043999999999889698e-06,5.200000000000000178e-01
7.047999999999889152e-06,5.360000000000000320e-01
7.051999999999889452e-06,5.360000000000000320e-01
7.055999999999889753e-06,5.280000000000000249e-01
7.059999999999889206e-06,5.360000000000000320e-01
7.063999999999888660e-06,5.360000000000000320e-01
7.067999999999888960e-06,5.360000000000000320e-01
7.071999999999889261e-06,5.280000000000000249e-01
7.075999999999888714e-06,5.280000000000000249e-01
7.079999999999888168e-06,5.280000000000000249e-01
7.083999999999888468e-06,5.280000000000000249e-01
7.087999999999888769e-06,5.280000000000000249e-01
7.091999999999888222e-06,5.280000000000000249e-01
7.095999999999887676e-06,5.280000000000000249e-01
7.099999999999887976e-06,5.280000000000000249e-01
7.103999999999888277e-06,5.280000000000000249e-01
7.107999999999887730e-06,5.280000000000000249e-01
7.111999999999887184e-06,5.280000000000000249e-01
7.115999999999887484e-06,5.360000000000000320e-01
7.119999999999887785e-06,5.280000000000000249e-01
7.123999999999887238e-06,5.280000000000000249e-01
7.127999999999886692e-06,5.360000000000000320e-01
7.131999999999886992e-06,5.280000000000000249e-01
7.135999999999887293e-06,5.280000000000000249e-01
7.139999999999886746e-06,5.280000000000000249e-01
7.143999999999886200e-06,5.280000000000000249e-01
7.147999999999886500e-06,5.440000000000000391e-01
7.151999999999886801e-06,5.360000000000000320e-01
7.155999999999886254e-06,5.280000000000000249e-01
7.159999999999885708e-06,5.280000000000000249e-01
7.163999999999886008e-06,5.360000000000000320e-01
7.167999999999886309e-06,5.360000000000000320e-01
7.171999999999885762e-06,5.360000000000000320e-01
7.175999999999885216e-06,5.360000000000000320e-01
7.179999999999885516e-06,5.360000000000000320e-01
7.183999999999885817e-06,5.440000000000000391e-01
7.187999999999885270e-06,5.360000000000000320e-01
7.191999999999884724e-06,5.280000000000000249e-01
7.195999999999885024e-06,5.440000000000000391e-01
7.199999999999885325e-06,5.360000000000000320e-01
7.203999999999884778e-06,5.280000000000000249e-01
7.207999999999884232e-06,5.280000000000000249e-01
7.211999999999884532e-06,5.280000000000000249e-01
7.215999999999884833e-06,5.280000000000000249e-01
7.219999999999884286e-06,5.280000000000000249e-01
7.223999999999883740e-06,5.280000000000000249e-01
7.227999999999884040e-06,5.280000000000000249e-01
7.231999999999884341e-06,5.360000000000000320e-01
7.235999999999883794e-06,5.280000000000000249e-01
7.239999999999883248e-06,5.360000000000000320e-01
7.243999999999883548e-06,5.280000000000000249e-01
7.247999999999883849e-06,5.280000000000000249e-01
7.251999999999883302e-06,5.280000000000000249e-01
7.255999999999882756e-06,5.360000000000000320e-01
7.259999999999883056e-06,5.280000000000000249e-01
7.263999999999883357e-06,5.280000000000000249e-01
7.267999999999883657e-06,5.360000000000000320e-01
7.271999999999882264e-06,5.280000000000000249e-01
7.275999999999882564e-06,5.360000000000000320e-01
7.279999999999882865e-06,5.360000000000000320e-01
7.283999999999883165e-06,5.280000000000000249e-01
7.287999999999881772e-06,5.360000000000000320e-01
7.291999999999882072e-06,5.360000000000000320e-01
7.295999999999882373e-06,5.360000000000000320e-01
7.299999999999882673e-06,5.360000000000000320e-01
7.303999999999881280e-06,5.360000000000000320e-01
7.307999999999881580e-06,5.280000000000000249e-01
7.311999999999881881e-06,5.360000000000000320e-01
7.315999999999882181e-06,5.280000000000000249e-01
7.319999999999880788e-06,5.360000000000000320e-01
7.323999999999881088e-06,5.360000000000000320e-01
7.327999999999881389e-06,5.280000000000000249e-01
7.331999999999881689e-06,5.200000000000000178e-01
7.335999999999880296e-06,5.280000000000000249e-01
7.339999999999880596e-06,5.280000000000000249e-01
7.343999999999880897e-06,5.360000000000000320e-01
7.347999999999881197e-06,5.200000000000000178e-01
7.351999999999879804e-06,5.280000000000000249e-01
7.355999999999880104e-06,5.280000000000000249e-01
7.359999999999880405e-06,5.280000000000000249e-01
7.363999999999880705e-06,5.280000000000000249e-01
7.367999999999879312e-06,5.200000000000000178e-01
7.371999999999879612e-06,5.360000000000000320e-01
7.375999999999879913e-06,5.280000000000000249e-01
7.379999999999880213e-06,5.280000000000000249e-01
7.383999999999878820e-06,5.360000000000000320e-01
7.387999999999879120e-06,5.440000000000000391e-01
7.391999999999879421e-06,5.280000000000000249e-01
7.395999999999879721e-06,5.360000000000000320e-01
7.399999999999878328e-06,5.440000000000000391e-01
7.403999999999878628e-06,5.360000000000000320e-01
7.407999999999878929e-06,5.360000000000000320e-01
7.411999999999879229e-06,5.280000000000000249e-01
7.415999999999877836e-06,5.280000000000000249e-01
7.419999999999878136e-06,5.360000000000000320e-01
7.423999999999878437e-06,5.440000000000000391e-01
7.427999999999878737e-06,5.280000000000000249e-01
7.431999999999877344e-06,5.280000000000000249e-01
7.435999999999877644e-06,5.280000000000000249e-01
7.439999999999877945e-06,5.280000000000000249e-01
7.443999999999878245e-06,5.280000000000000249e-01
7.447999999999876852e-06,5.360000000000000320e-01
7.451999999999877152e-06,5.280000000000000249e-01
7.455999999999877453e-06,5.280000000000000249e-01
7.459999999999877753e-06,5.280000000000000249e-01
7.463999999999876360e-06,5.280000000000000249e-01
7.467999999999876660e-06,5.200000000000000178e-01
7.471999999999876961e-06,5.280000000000000249e-01
7.475999999999877261e-06,5.280000000000000249e-01
7.479999999999875868e-06,5.280000000000000249e-01
7.483999999999876168e-06,5.120000000000000107e-01
7.487999999999876469e-06,5.280000000000000249e-01
7.491999999999876769e-06,5.200000000000000178e-01
7.495999999999875376e-06,5.280000000000000249e-01
7.499999999999875676e-06,5.360000000000000320e-01
7.503999999999875977e-06,5.280000000000000249e-01
7.507999999999876277e-06,5.280000000000000249e-01
7.511999999999874884e-06,5.280000000000000249e-01
7.515999999999875184e-06,5.360000000000000320e-01
7.519999999999875485e-06,5.280000000000000249e-01
7.523999999999875785e-06,5.360000000000000320e-01
7.527999999999874392e-06,5.280000000000000249e-01
7.531999999999874692e-06,5.280000000000000249e-01
7.535999999999874993e-06,5.200000000000000178e-01
7.539999999999875293e-06,5.280000000000000249e-01
7.543999999999873900e-06,5.280000000000000249e-01
7.547999999999874200e-06,5.360000000000000320e-01
7.551999999999874501e-06,5.280000000000000249e-01
7.555999999999874801e-06,5.200000000000000178e-01
7.559999999999873408e-06,5.280000000000000249e-01
7.563999999999873708e-06,5.280000000000000249e-01
7.567999999999874009e-06,5.280000000000000249e-01
7.571999999999874309e-06,5.280000000000000249e-01
7.575999999999872916e-06,5.200000000000000178e-01
7.579999999999873216e-06,5.280000000000000249e-01
7.583999999999873517e-06,5.360000000000000320e-01
7.587999999999873817e-06,5.280000000000000249e-01
7.591999999999872424e-06,5.200000000000000178e-01
7.595999999999872724e-06,5.280000000000000249e-01
7.599999999999873025e-06,5.280000000000000249e-01
7.603999999999873325e-06,5.280000000000000249e-01
7.607999999999871932e-06,5.280000000000000249e-01
7.611999999999872232e-06,5.280000000000000249e-01
7.615999999999872533e-06,5.200000000000000178e-01
7.619999999999872833e-06,5.200000000000000178e-01
7.623999999999871440e-06,5.280000000000000249e-01
7.627999999999871740e-06,5.280000000000000249e-01
7.631999999999872041e-06,5.200000000000000178e-01
7.635999999999872341e-06,5.360000000000000320e-01
7.639999999999870948e-06,5.280000000000000249e-01
7.643999999999871248e-06,5.360000000000000320e-01
7.647999999999871549e-06,5.280000000000000249e-01
7.651999999999871849e-06,5.280000000000000249e-01
7.655999999999870456e-06,5.280000000000000249e-01
7.659999999999870756e-06,5.280000000000000249e-01
7.663999999999871057e-06,5.280000000000000249e-01
7.667999999999871357e-06,5.280000000000000249e-01
7.671999999999869964e-06,5.280000000000000249e-01
7.675999999999870264e-06,5.280000000000000249e-01
7.679999999999870565e-06,5.200000000000000178e-01
7.683999999999870865e-06,5.360000000000000320e-01
7.687999999999869472e-06,5.280000000000000249e-01
7.691999999999869772e-06,5.280000000000000249e-01
7.695999999999870073e-06,5.200000000000000178e-01
7.699999999999870373e-06,5.280000000000000249e-01
7.703999999999868980e-06,5.280000000000000249e-01
7.707999999999869280e-06,5.280000000000000249e-01
7.711999999999869581e-06,5.280000000000000249e-01
7.715999999999869881e-06,5.360000000000000320e-01
7.719999999999868488e-06,5.360000000000000320e-01
7.723999999999868788e-06,5.360000000000000320e-01
7.727999999999869089e-06,5.280000000000000249e-01
7.731999999999869389e-06,5.360000000000000320e-01
7.735999999999867996e-06,5.360000000000000320e-01
7.739999999999868296e-06,5.360000000000000320e-01
7.743999999999868597e-06,5.360000000000000320e-01
7.747999999999868897e-06,5.360000000000000320e-01
7.751999999999867504e-06,5.360000000000000320e-01
7.755999999999867804e-06,5.360000000000000320e-01
7.759999999999868105e-06,5.280000000000000249e-01
7.763999999999868405e-06,5.360000000000000320e-01
7.767999999999867012e-06,5.280000000000000249e-01
7.771999999999867312e-06,5.280000000000000249e-01
7.775999999999867613e-06,5.280000000000000249e-01
7.779999999999867913e-06,5.280000000000000249e-01
7.783999999999866520e-06,5.360000000000000320e-01
7.787999999999866820e-06,5.280000000000000249e-01
7.791999999999867121e-06,5.280000000000000249e-01
7.795999999999867421e-06,5.280000000000000249e-01
7.799999999999866028e-06,5.280000000000000249e-01
7.803999999999866328e-06,5.200000000000000178e-01
7.807999999999866629e-06,5.200000000000000178e-01
7.811999999999866929e-06,5.280000000000000249e-01
7.815999999999865536e-06,5.360000000000000320e-01
7.819999999999865836e-06,5.280000000000000249e-01
7.823999999999866137e-06,5.360000000000000320e-01
7.827999999999866437e-06,5.360000000000000320e-01
7.831999999999865044e-06,5.280000000000000249e-01
7.835999999999865344e-06,5.360000000000000320e-01
7.839999999999865645e-06,5.360000000000000320e-01
7.843999999999865945e-06,5.360000000000000320e-01
7.847999999999864552e-06,5.360000000000000320e-01
7.851999999999864852e-06,5.360000000000000320e-01
7.855999999999865153e-06,5.360000000000000320e-01
7.859999999999865453e-06,5.280000000000000249e-01
7.863999999999864060e-06,5.280000000000000249e-01
7.867999999999864360e-06,5.280000000000000249e-01
7.871999999999864661e-06,5.360000000000000320e-01
7.875999999999864961e-06,5.360000000000000320e-01
7.879999999999863568e-06,5.360000000000000320e-01
7.883999999999863868e-06,5.360000000000000320e-01
7.887999999999864169e-06,5.360000000000000320e-01
7.891999999999864469e-06,5.360000000000000320e-01
7.895999999999863076e-06,5.280000000000000249e-01
7.899999999999863376e-06,5.280000000000000249e-01
7.903999999999863677e-06,5.280000000000000249e-01
7.907999999999863977e-06,5.200000000000000178e-01
7.911999999999862584e-06,5.200000000000000178e-01
7.915999999999862884e-06,5.360000000000000320e-01
7.919999999999863185e-06,5.360000000000000320e-01
7.923999999999863485e-06,5.360000000000000320e-01
7.927999999999862092e-06,5.360000000000000320e-01
7.931999999999862392e-06,5.360000000000000320e-01
7.935999999999862693e-06,5.280000000000000249e-01
7.939999999999862993e-06,5.360000000000000320e-01
7.943999999999861600e-06,5.280000000000000249e-01
7.947999999999861900e-06,5.360000000000000320e-01
7.951999999999862201e-06,5.360000000000000320e-01
7.955999999999862501e-06,5.360000000000000320e-01
7.959999999999861108e-06,5.360000000000000320e-01
7.963999999999861408e-06,5.280000000000000249e-01
7.967999999999861709e-06,5.360000000000000320e-01
7.971999999999862009e-06,5.360000000000000320e-01
7.975999999999860616e-06,5.440000000000000391e-01
7.979999999999860916e-06,5.360000000000000320e-01
7.983999999999861217e-06,5.280000000000000249e-01
7.987999999999861517e-06,5.360000000000000320e-01
7.991999999999860124e-06,5.360000000000000320e-01
7.995999999999860424e-06,5.280000000000000249e-01
7.999999999999860725e-06,5.360000000000000320e-01
8.003999999999861025e-06,5.280000000000000249e-01
8.007999999999859632e-06,5.280000000000000249e-01
8.011999999999859932e-06,5.280000000000000249e-01
8.015999999999860233e-06,5.200000000000000178e-01
8.019999999999860533e-06,5.280000000000000249e-01
8.023999999999859140e-06,5.360000000000000320e-01
8.027999999999859440e-06,5.360000000000000320e-01
8.031999999999859741e-06,5.280000000000000249e-01
8.035999999999860041e-06,5.280000000000000249e-01
8.039999999999858648e-06,5.280000000000000249e-01
8.043999999999858948e-06,5.360000000000000320e-01
8.047999999999859249e-06,5.280000000000000249e-01
8.051999999999859549e-06,5.360000000000000320e-01
8.055999999999858156e-06,5.280000000000000249e-01
8.059999999999858456e-06,5.280000000000000249e-01
8.063999999999858757e-06,5.360000000000000320e-01
8.067999999999859057e-06,5.360000000000000320e-01
8.071999999999857664e-06,5.360000000000000320e-01
8.075999999999857964e-06,5.360000000000000320e-01
8.079999999999858265e-06,5.280000000000000249e-01
8.083999999999858565e-06,5.360000000000000320e-01
8.087999999999857172e-06,5.360000000000000320e-01
8.091999999999857472e-06,5.360000000000000320e-01
8.095999999999857773e-06,5.280000000000000249e-01
8.099999999999858073e-06,5.280000000000000249e-01
8.103999999999856680e-06,5.360000000000000320e-01
8.107999999999856980e-06,5.280000000000000249e-01
8.111999999999857281e-06,5.360000000000000320e-01
8.115999999999857581e-06,5.360000000000000320e-01
8.119999999999856188e-06,5.280000000000000249e-01
8.123999999999856488e-06,5.280000000000000249e-01
8.127999999999856789e-06,5.200000000000000178e-01
8.131999999999857089e-06,5.200000000000000178e-01
8.135999999999855696e-06,5.200000000000000178e-01
8.139999999999855996e-06,5.360000000000000320e-01
8.143999999999856297e-06,5.360000000000000320e-01
8.147999999999856597e-06,5.360000000000000320e-01
8.151999999999855204e-06,5.360000000000000320e-01
8.155999999999855504e-06,5.280000000000000249e-01
8.159999999999855805e-06,5.280000000000000249e-01
8.163999999999856105e-06,5.280000000000000249e-01
8.167999999999854712e-06,5.280000000000000249e-01
8.171999999999855012e-06,5.360000000000000320e-01
8.175999999999855313e-06,5.280000000000000249e-01
8.179999999999855613e-06,5.360000000000000320e-01
8.183999999999854220e-06,5.280000000000000249e-01
8.187999999999854520e-06,5.280000000000000249e-01
8.191999999999854821e-06,5.360000000000000320e-01
8.195999999999855121e-06,5.280000000000000249e-01
8.199999999999853728e-06,5.280000000000000249e-01
8.203999999999854028e-06,5.200000000000000178e-01
8.207999999999854329e-06,5.280000000000000249e-01
8.211999999999854629e-06,5.360000000000000320e-01
8.215999999999853236e-06,5.360000000000000320e-01
8.219999999999853536e-06,5.200000000000000178e-01
8.223999999999853837e-06,5.280000000000000249e-01
8.227999999999854137e-06,5.200000000000000178e-01
8.231999999999852744e-06,5.280000000000000249e-01
8.235999999999853044e-06,5.280000000000000249e-01
8.239999999999853345e-06,5.200000000000000178e-01
8.243999999999853645e-06,5.280000000000000249e-01
8.247999999999852251e-06,5.200000000000000178e-01
8.251999999999852552e-06,5.200000000000000178e-01
8.255999999999852853e-06,5.280000000000000249e-01
8.259999999999853153e-06,5.280000000000000249e-01
8.263999999999851759e-06,5.280000000000000249e-01
8.267999999999852060e-06,5.280000000000000249e-01
8.271999999999852361e-06,5.280000000000000249e-01
8.275999999999852661e-06,5.280000000000000249e-01
8.279999999999851267e-06,5.200000000000000178e-01
8.283999999999851568e-06,5.280000000000000249e-01
8.287999999999851869e-06,5.360000000000000320e-01
8.291999999999852169e-06,5.360000000000000320e-01
8.295999999999850775e-06,5.280000000000000249e-01
8.299999999999851076e-06,5.360000000000000320e-01
8.303999999999851377e-06,5.280000000000000249e-01
8.307999999999851677e-06,5.280000000000000249e-01
8.311999999999850283e-06,5.280000000000000249e-01
8.315999999999850584e-06,5.280000000000000249e-01
8.319999999999850885e-06,5.360000000000000320e-01
8.323999999999851185e-06,5.200000000000000178e-01
8.327999999999849791e-06,5.200000000000000178e-01
8.331999999999850092e-06,5.280000000000000249e-01
8.335999999999850393e-06,5.280000000000000249e-01
8.339999999999850693e-06,5.280000000000000249e-01
8.343999999999849299e-06,5.280000000000000249e-01
8.347999999999849600e-06,5.200000000000000178e-01
8.351999999999849901e-06,5.280000000000000249e-01
8.355999999999850201e-06,5.280000000000000249e-01
8.359999999999848807e-06,5.200000000000000178e-01
8.363999999999849108e-06,5.280000000000000249e-01
8.367999999999849409e-06,5.280000000000000249e-01
8.371999999999849709e-06,5.280000000000000249e-01
8.375999999999848315e-06,5.280000000000000249e-01
8.379999999999848616e-06,5.200000000000000178e-01
8.383999999999848917e-06,5.200000000000000178e-01
8.387999999999849217e-06,5.280000000000000249e-01
8.391999999999847823e-06,5.280000000000000249e-01
8.395999999999848124e-06,5.280000000000000249e-01
8.399999999999848425e-06,5.360000000000000320e-01
8.403999999999848725e-06,5.360000000000000320e-01
8.407999999999847331e-06,5.280000000000000249e-01
8.411999999999847632e-06,5.280000000000000249e-01
8.415999999999847932e-06,5.360000000000000320e-01
8.419999999999848233e-06,5.360000000000000320e-01
8.423999999999846839e-06,5.360000000000000320e-01
8.427999999999847140e-06,5.280000000000000249e-01
8.431999999999847440e-06,5.360000000000000320e-01
8.435999999999847741e-06,5.360000000000000320e-01
8.439999999999846347e-06,5.280000000000000249e-01
8.443999999999846648e-06,5.200000000000000178e-01
8.447999999999846948e-06,5.200000000000000178e-01
8.451999999999847249e-06,5.280000000000000249e-01
8.455999999999845855e-06,5.360000000000000320e-01
8.459999999999846156e-06,5.280000000000000249e-01
8.463999999999846456e-06,5.280000000000000249e-01
8.467999999999846757e-06,5.200000000000000178e-01
8.471999999999845363e-06,5.280000000000000249e-01
8.475999999999845664e-06,5.280000000000000249e-01
8.479999999999845964e-06,5.280000000000000249e-01
8.483999999999846265e-06,5.280000000000000249e-01
8.487999999999844871e-06,5.200000000000000178e-01
8.491999999999845172e-06,5.280000000000000249e-01
8.495999999999845472e-06,5.280000000000000249e-01
8.499999999999845773e-06,5.280000000000000249e-01
8.503999999999844379e-06,5.280000000000000249e-01
8.507999999999844680e-06,5.280000000000000249e-01
8.511999999999844980e-06,5.280000000000000249e-01
8.515999999999845281e-06,5.360000000000000320e-01
8.519999999999843887e-06,5.280000000000000249e-01
8.523999999999844188e-06,5.280000000000000249e-01
8.527999999999844488e-06,5.360000000000000320e-01
8.531999999999844789e-06,5.280000000000000249e-01
8.535999999999843395e-06,5.280000000000000249e-01
8.539999999999843696e-06,5.360000000000000320e-01
8.543999999999843996e-06,5.360000000000000320e-01
8.547999999999844297e-06,5.360000000000000320e-01
8.551999999999842903e-06,5.360000000000000320e-01
8.555999999999843204e-06,5.200000000000000178e-01
8.559999999999843504e-06,5.280000000000000249e-01
8.563999999999843805e-06,5.280000000000000249e-01
8.567999999999842411e-06,5.360000000000000320e-01
8.571999999999842712e-06,5.360000000000000320e-01
8.575999999999843012e-06,5.280000000000000249e-01
8.579999999999843313e-06,5.280000000000000249e-01
8.583999999999841919e-06,5.280000000000000249e-01
8.587999999999842220e-06,5.280000000000000249e-01
8.591999999999842520e-06,5.280000000000000249e-01
8.595999999999842821e-06,5.360000000000000320e-01
8.599999999999841427e-06,5.280000000000000249e-01
8.603999999999841728e-06,5.280000000000000249e-01
8.607999999999842028e-06,5.280000000000000249e-01
8.611999999999842329e-06,5.360000000000000320e-01
8.615999999999840935e-06,5.280000000000000249e-01
8.619999999999841236e-06,5.280000000000000249e-01
8.623999999999841536e-06,5.360000000000000320e-01
8.627999999999841837e-06,5.280000000000000249e-01
8.631999999999840443e-06,5.360000000000000320e-01
8.635999999999840744e-06,5.360000000000000320e-01
8.639999999999841044e-06,5.280000000000000249e-01
8.643999999999841345e-06,5.280000000000000249e-01
8.647999999999839951e-06,5.360000000000000320e-01
8.651999999999840252e-06,5.280000000000000249e-01
8.655999999999840552e-06,5.280000000000000249e-01
8.659999999999840853e-06,5.360000000000000320e-01
8.663999999999839459e-06,5.280000000000000249e-01
8.667999999999839760e-06,5.280000000000000249e-01
8.671999999999840060e-06,5.280000000000000249e-01
8.675999999999840361e-06,5.200000000000000178e-01
8.679999999999838967e-06,5.280000000000000249e-01
8.683999999999839268e-06,5.280000000000000249e-01
8.687999999999839568e-06,5.280000000000000249e-01
8.691999999999839869e-06,5.280000000000000249e-01
8.695999999999838475e-06,5.200000000000000178e-01
8.699999999999838776e-06,5.280000000000000249e-01
8.703999999999839076e-06,5.280000000000000249e-01
8.707999999999839377e-06,5.200000000000000178e-01
8.711999999999837983e-06,5.280000000000000249e-01
8.715999999999838284e-06,5.360000000000000320e-01
8.719999999999838584e-06,5.360000000000000320e-01
8.723999999999838885e-06,5.280000000000000249e-01
8.727999999999837491e-06,5.280000000000000249e-01
8.731999999999837792e-06,5.360000000000000320e-01
8.735999999999838092e-06,5.280000000000000249e-01
8.739999999999838393e-06,5.280000000000000249e-01
8.743999999999836999e-06,5.200000000000000178e-01
8.747999999999837300e-06,5.360000000000000320e-01
8.751999999999837600e-06,5.360000000000000320e-01
8.755999999999837901e-06,5.280000000000000249e-01
8.759999999999836507e-06,5.280000000000000249e-01
8.763999999999836808e-06,5.360000000000000320e-01
8.767999999999837108e-06,5.280000000000000249e-01
8.771999999999837409e-06,5.360000000000000320e-01
8.775999999999836015e-06,5.280000000000000249e-01
8.779999999999836316e-06,5.280000000000000249e-01
8.783999999999836616e-06,5.360000000000000320e-01
8.787999999999836917e-06,5.280000000000000249e-01
8.791999999999835523e-06,5.360000000000000320e-01
8.795999999999835824e-06,5.360000000000000320e-01
8.799999999999836124e-06,5.360000000000000320e-01
8.803999999999836425e-06,5.280000000000000249e-01
8.807999999999835031e-06,5.280000000000000249e-01
8.811999999999835332e-06,5.200000000000000178e-01
8.815999999999835632e-06,5.280000000000000249e-01
8.819999999999835933e-06,5.360000000000000320e-01
8.823999999999834539e-06,5.280000000000000249e-01
8.827999999999834840e-06,5.280000000000000249e-01
8.831999999999835140e-06,5.280000000000000249e-01
8.835999999999835441e-06,5.360000000000000320e-01
8.839999999999834047e-06,5.280000000000000249e-01
8.843999999999834348e-06,5.280000000000000249e-01
8.847999999999834648e-06,5.280000000000000249e-01
8.851999999999834949e-06,5.360000000000000320e-01
8.855999999999833555e-06,5.280000000000000249e-01
8.859999999999833856e-06,5.280000000000000249e-01
8.863999999999834156e-06,5.280000000000000249e-01
8.867999999999834457e-06,5.280000000000000249e-01
8.871999999999833063e-06,5.280000000000000249e-01
8.875999999999833364e-06,5.360000000000000320e-01
8.879999999999833664e-06,5.280000000000000249e-01
8.883999999999833965e-06,5.200000000000000178e-01
8.887999999999832571e-06,5.360000000000000320e-01
8.891999999999832872e-06,5.280000000000000249e-01
8.895999999999833172e-06,5.280000000000000249e-01
8.899999999999833473e-06,5.360000000000000320e-01
8.903999999999832079e-06,5.280000000000000249e-01
8.907999999999832380e-06,5.360000000000000320e-01
8.911999999999832680e-06,5.280000000000000249e-01
8.915999999999832981e-06,5.280000000000000249e-01
8.919999999999831587e-06,5.280000000000000249e-01
8.923999999999831888e-06,5.200000000000000178e-01
8.927999999999832188e-06,5.200000000000000178e-01
8.931999999999832489e-06,5.280000000000000249e-01
8.935999999999831095e-06,5.280000000000000249e-01
8.939999999999831396e-06,5.280000000000000249e-01
8.943999999999831696e-06,5.280000000000000249e-01
8.947999999999831997e-06,5.280000000000000249e-01
8.951999999999830603e-06,5.120000000000000107e-01
8.955999999999830904e-06,5.360000000000000320e-01
8.959999999999831204e-06,5.280000000000000249e-01
8.963999999999831505e-06,5.280000000000000249e-01
8.967999999999830111e-06,5.360000000000000320e-01
8.971999999999830412e-06,5.360000000000000320e-01
8.975999999999830712e-06,5.280000000000000249e-01
8.979999999999831013e-06,5.280000000000000249e-01
8.983999999999829619e-06,5.440000000000000391e-01
8.987999999999829920e-06,5.360000000000000320e-01
8.991999999999830220e-06,5.200000000000000178e-01
8.995999999999830521e-06,5.280000000000000249e-01
8.999999999999829127e-06,5.360000000000000320e-01
9.003999999999829428e-06,5.360000000000000320e-01
9.007999999999829728e-06,5.360000000000000320e-01
9.011999999999830029e-06,5.360000000000000320e-01
9.015999999999828635e-06,5.360000000000000320e-01
9.019999999999828936e-06,5.280000000000000249e-01
9.023999999999829236e-06,5.280000000000000249e-01
9.027999999999829537e-06,5.200000000000000178e-01
9.031999999999828143e-06,5.280000000000000249e-01
9.035999999999828444e-06,5.280000000000000249e-01
9.039999999999828744e-06,5.280000000000000249e-01
9.043999999999829045e-06,5.280000000000000249e-01
9.047999999999827651e-06,5.200000000000000178e-01
9.051999999999827952e-06,5.200000000000000178e-01
9.055999999999828252e-06,5.200000000000000178e-01
9.059999999999828553e-06,5.280000000000000249e-01
9.063999999999827159e-06,5.280000000000000249e-01
9.067999999999827460e-06,5.280000000000000249e-01
9.071999999999827760e-06,5.280000000000000249e-01
9.075999999999828061e-06,5.280000000000000249e-01
9.079999999999826667e-06,5.360000000000000320e-01
9.083999999999826968e-06,5.360000000000000320e-01
9.087999999999827268e-06,5.280000000000000249e-01
9.091999999999827569e-06,5.360000000000000320e-01
9.095999999999826175e-06,5.280000000000000249e-01
9.099999999999826476e-06,5.360000000000000320e-01
9.103999999999826776e-06,5.360000000000000320e-01
9.107999999999827077e-06,5.280000000000000249e-01
9.111999999999825683e-06,5.360000000000000320e-01
9.115999999999825984e-06,5.200000000000000178e-01
9.119999999999826284e-06,5.280000000000000249e-01
9.123999999999826585e-06,5.280000000000000249e-01
9.127999999999825191e-06,5.280000000000000249e-01
9.131999999999825492e-06,5.200000000000000178e-01
9.135999999999825792e-06,5.280000000000000249e-01
9.139999999999826093e-06,5.280000000000000249e-01
9.143999999999824699e-06,5.280000000000000249e-01
9.147999999999825000e-06,5.280000000000000249e-01
9.151999999999825300e-06,5.200000000000000178e-01
9.155999999999825601e-06,5.280000000000000249e-01
9.159999999999824207e-06,5.280000000000000249e-01
9.163999999999824508e-06,5.360000000000000320e-01
9.167999999999824808e-06,5.280000000000000249e-01
9.171999999999825109e-06,5.280000000000000249e-01
9.175999999999823715e-06,5.360000000000000320e-01
9.179999999999824016e-06,5.280000000000000249e-01
9.183999999999824316e-06,5.280000000000000249e-01
9.187999999999824617e-06,5.280000000000000249e-01
9.191999999999823223e-06,5.440000000000000391e-01
9.195999999999823524e-06,5.360000000000000320e-01
9.199999999999823824e-06,5.360000000000000320e-01
9.203999999999824125e-06,5.360000000000000320e-01
9.207999999999822731e-06,5.280000000000000249e-01
9.211999999999823032e-06,5.360000000000000320e-01
9.215999999999823332e-06,5.360000000000000320e-01
9.219999999999823633e-06,5.360000000000000320e-01
9.223999999999822239e-06,5.280000000000000249e-01
9.227999999999822540e-06,5.280000000000000249e-01
9.231999999999822840e-06,5.280000000000000249e-01
9.235999999999823141e-06,5.280000000000000249e-01
9.239999999999821747e-06,5.200000000000000178e-01
9.243999999999822048e-06,5.200000000000000178e-01
9.247999999999822348e-06,5.360000000000000320e-01
9.251999999999822649e-06,5.280000000000000249e-01
9.255999999999821255e-06,5.360000000000000320e-01
9.259999999999821556e-06,5.200000000000000178e-01
9.263999999999821856e-06,5.280000000000000249e-01
9.267999999999822157e-06,5.280000000000000249e-01
9.271999999999820763e-06,5.360000000000000320e-01
9.275999999999821064e-06,5.280000000000000249e-01
9.279999999999821364e-06,5.200000000000000178e-01
9.283999999999821665e-06,5.360000000000000320e-01
9.287999999999820271e-06,5.280000000000000249e-01
9.291999999999820572e-06,5.280000000000000249e-01
9.295999999999820872e-06,5.360000000000000320e-01
9.299999999999821173e-06,5.280000000000000249e-01
9.303999999999819779e-06,5.280000000000000249e-01
9.307999999999820080e-06,5.440000000000000391e-01
9.311999999999820380e-06,5.280000000000000249e-01
9.315999999999820681e-06,5.360000000000000320e-01
9.319999999999819287e-06,5.280000000000000249e-01
9.323999999999819588e-06,5.280000000000000249e-01
9.327999999999819888e-06,5.360000000000000320e-01
9.331999999999820189e-06,5.360000000000000320e-01
9.335999999999818795e-06,5.280000000000000249e-01
9.339999999999819096e-06,5.280000000000000249e-01
9.343999999999819396e-06,5.200000000000000178e-01
9.347999999999819697e-06,5.280000000000000249e-01
9.351999999999818303e-06,5.280000000000000249e-01
9.355999999999818604e-06,5.280000000000000249e-01
9.359999999999818904e-06,5.280000000000000249e-01
9.363999999999819205e-06,5.280000000000000249e-01
9.367999999999817811e-06,5.440000000000000391e-01
9.371999999999818112e-06,5.360000000000000320e-01
9.375999999999818412e-06,5.280000000000000249e-01
9.379999999999818713e-06,5.360000000000000320e-01
9.383999999999817319e-06,5.360000000000000320e-01
9.387999999999817620e-06,5.440000000000000391e-01
9.391999999999817920e-06,5.280000000000000249e-01
9.395999999999818221e-06,5.360000000000000320e-01
9.399999999999816827e-06,5.360000000000000320e-01
9.403999999999817128e-06,5.360000000000000320e-01
9.407999999999817428e-06,5.280000000000000249e-01
9.411999999999817729e-06,5.360000000000000320e-01
9.415999999999816335e-06,5.360000000000000320e-01
9.419999999999816636e-06,5.280000000000000249e-01
9.423999999999816936e-06,5.360000000000000320e-01
9.427999999999817237e-06,5.440000000000000391e-01
9.431999999999815843e-06,5.360000000000000320e-01
9.435999999999816144e-06,5.360000000000000320e-01
9.439999999999816444e-06,5.360000000000000320e-01
